{"cameraMode":{"drawMode":0,"name":"Shaded","section":"Shading Mode"},"sceneLighting":false,"audioPlay":false,"sceneViewState":{"showFog":true,"showMaterialUpdate":false,"showSkybox":false,"showFlares":true,"showImageEffects":true,"showParticleSystems":true},"in2DMode":false,"pivot":{"x":-0.9132995009422302,"y":-0.8552671074867249,"z":-0.5796648859977722},"rotation":{"x":-0.08916918933391571,"y":0.7305437922477722,"z":-0.0972258523106575,"w":-0.6700040698051453},"size":1.2306251525878907,"orthographic":false}